<?xml version="1.0" encoding="UTF-8" ?>
<Environment>
    <!--Timeout-->
    <Timeout>5</Timeout>

    <!--General-->
    <PlatformName>web</PlatformName>

    <!--Web-->
    <BrowserName>chrome</BrowserName>
    <url>https://demo.nopcommerce.com/login?returnUrl=%2F</url>
    <ImageRepo>C:\\FinalProject\\ImageRepository\\</ImageRepo>

    <!-- Data Driven Testing -->
    <DDTFile>./DDTFiles/products.csv</DDTFile>

    <!-- Mobile -->
    <UDID>RFCR10VK4QR</UDID>
    <AppPackage>com.shivgadhia.android.ukMortgageCalc</AppPackage>
    <AppActivity>.MainActivity</AppActivity>
    <AppiumServer>http://localhost:4723/wd/hub</AppiumServer>

    <!-- API -->
    <urlAPI>http://localhost:8080</urlAPI>

    <!-- Electron -->
    <ElectronDriverPath>./Drivers/electrondriver.exe</ElectronDriverPath>
    <ElectronAppPath>C:/Users/Maxim/AppData/Local/Programs/todolist/Todolist.exe</ElectronAppPath>

    <!-- Desktop -->
    <CalculatorApp>Microsoft.WindowsCalculator_8wekyb3d8bbwe!App</CalculatorApp>
    <AppiumServerDesktop>http://127.0.0.1:4723</AppiumServerDesktop>

    <!-- DataBase -->
    <!--<DBURL>jdbc:mysql://remotemysql.com:3306/sql7595535</DBURL>-->
    <DBURL>jdbc:mysql://sql7.freemysqlhosting.net:3306/sql7595535</DBURL>
    <DBUserName>sql7595535</DBUserName>
    <DBPassword>j5Hf2HDCW1</DBPassword>

</Environment>